{
  "fabric:load_conditions":[ {"condition": "fabric:or","values": []}],
"type": "modern_industrialization:assembler",
  "duration": 200,
  "eu": 8,
  "item_inputs": [
    {
      "amount": 6,
      "item": "modern_industrialization:bronze_curved_plate"
    },
    {
      "amount": 1,
      "tag": "c:orange_dyes"
    },
    {
      "amount": 2,
      "tag": "c:steel_gears"
    }
  ],
  "item_outputs": [
    {
      "amount": 16,
      "item": "modern_industrialization:orange_item_pipe"
    }
  ]
}