{
  "pools": [
    {
      "rolls": 1.0,
      "bonus_rolls": 0.0,
      "entries": [
        {
          "type": "minecraft:item",
          "functions": [
            {
              "function": "minecraft:set_count",
              "count": {
                "type": "minecraft:uniform",
                "min": 4.0,
                "max": 16.0
              },
              "add": false
            }
          ],
          "name": "minecraft:cod"
        },
        {
          "type": "minecraft:item",
          "functions": [
            {
              "function": "minecraft:set_count",
              "count": {
                "type": "minecraft:uniform",
                "min": 4.0,
                "max": 16.0
              },
              "add": false
            }
          ],
          "name": "minecraft:salmon"
        },
        {
          "type": "minecraft:item",
          "functions": [
            {
              "function": "minecraft:set_count",
              "count": {
                "type": "minecraft:uniform",
                "min": 4.0,
                "max": 16.0
              },
              "add": false
            }
          ],
          "name": "minecraft:rotten_flesh"
        },
        {
          "type": "minecraft:item",
          "functions": [
            {
              "function": "minecraft:set_count",
              "count": {
                "type": "minecraft:uniform",
                "min": 2.0,
                "max": 10.0
              },
              "add": false
            }
          ],
          "name": "minecraft:bone"
        },
        {
          "type": "minecraft:item",
          "functions": [
            {
              "function": "minecraft:set_count",
              "count": {
                "type": "minecraft:uniform",
                "min": 1.0,
                "max": 5.0
              },
              "add": false
            }
          ],
          "name": "minecraft:paper"
        },
        {
          "type": "minecraft:item",
          "functions": [
            {
              "function": "minecraft:set_count",
              "count": {
                "type": "minecraft:uniform",
                "min": 2.0,
                "max": 12.0
              },
              "add": false
            }
          ],
          "name": "minecraft:sugar_cane"
        },
        {
          "type": "minecraft:item",
          "functions": [
            {
              "function": "minecraft:set_count",
              "count": {
                "type": "minecraft:uniform",
                "min": 4.0,
                "max": 16.0
              },
              "add": false
            }
          ],
          "name": "minecraft:wheat"
        },
        {
          "type": "minecraft:item",
          "functions": [
            {
              "function": "minecraft:set_count",
              "count": {
                "type": "minecraft:uniform",
                "min": 1.0,
                "max": 2.0
              },
              "add": false
            }
          ],
          "name": "minecraft:book"
        },
        {
          "type": "minecraft:item",
          "functions": [
            {
              "function": "minecraft:set_count",
              "count": {
                "type": "minecraft:uniform",
                "min": 4.0,
                "max": 16.0
              },
              "add": false
            }
          ],
          "name": "minecraft:sugar"
        },
        {
          "type": "minecraft:item",
          "functions": [
            {
              "function": "minecraft:set_count",
              "count": {
                "type": "minecraft:uniform",
                "min": 2.0,
                "max": 8.0
              },
              "add": false
            }
          ],
          "name": "minecraft:coal"
        },
        {
          "type": "minecraft:loot_table",
          "name": "artifacts:chests/campsite_barrel/tnt"
        },
        {
          "type": "minecraft:loot_table",
          "name": "artifacts:chests/campsite_barrel/cobwebs"
        },
        {
          "type": "minecraft:loot_table",
          "name": "artifacts:chests/campsite_barrel/ores"
        },
        {
          "type": "minecraft:loot_table",
          "name": "artifacts:chests/campsite_barrel/ingots"
        },
        {
          "type": "minecraft:loot_table",
          "name": "artifacts:chests/campsite_barrel/gems"
        },
        {
          "type": "minecraft:loot_table",
          "name": "artifacts:chests/campsite_barrel/crops"
        },
        {
          "type": "minecraft:loot_table",
          "name": "artifacts:chests/campsite_barrel/food"
        },
        {
          "type": "minecraft:loot_table",
          "name": "artifacts:chests/campsite_barrel/cobblestone"
        },
        {
          "type": "minecraft:loot_table",
          "name": "artifacts:chests/campsite_barrel/rails"
        },
        {
          "type": "minecraft:loot_table",
          "name": "artifacts:chests/campsite_barrel/minecarts"
        }
      ],
      "conditions": [
        {
          "condition": "minecraft:random_chance",
          "chance": 0.7
        }
      ]
    }
  ]
}