{
  "type": "modern_industrialization:heat_exchanger",
  "duration": 300,
  "eu": 2,
  "fluid_inputs": [
    {
      "amount": 16000,
      "fluid": "modern_industrialization:heavy_water_steam"
    },
    {
      "amount": 125,
      "fluid": "modern_industrialization:high_pressure_water"
    }
  ],
  "fluid_outputs": [
    {
      "amount": 1000,
      "fluid": "modern_industrialization:heavy_water"
    },
    {
      "amount": 2000,
      "fluid": "modern_industrialization:high_pressure_steam"
    }
  ]
}