{
  "fabric:load_conditions": [
    {
      "condition": "fabric:all_mods_loaded",
      "values": [
        "modern_industrialization"
      ]
    }
  ],
  "type": "modern_industrialization:cutting_machine",
  "duration": 100,
  "eu": 2,
  "fluid_inputs": [
    {
      "amount": 1,
      "fluid": "modern_industrialization:lubricant"
    }
  ],
  "item_inputs": [
    {
      "amount": 1,
      "tag": "ad_astra:aeronos_caps"
    }
  ],
  "item_outputs": [
    {
      "amount": 4,
      "item": "ad_astra:aeronos_planks"
    }
  ]
}