{
  "pools": [
    {
      "rolls": 3.0,
      "bonus_rolls": 0.0,
      "entries": [
        {
          "type": "minecraft:item",
          "functions": [
            {
              "function": "minecraft:set_count",
              "count": {
                "type": "minecraft:uniform",
                "min": 16.0,
                "max": 64.0
              },
              "add": false
            }
          ],
          "name": "minecraft:cobblestone"
        },
        {
          "type": "minecraft:item",
          "functions": [
            {
              "function": "minecraft:set_count",
              "count": {
                "type": "minecraft:uniform",
                "min": 16.0,
                "max": 64.0
              },
              "add": false
            }
          ],
          "name": "minecraft:cobbled_deepslate"
        }
      ]
    }
  ]
}