{
  "default_overlays": {
    "fluid_auto": "modern_industrialization:block/overlays/fluid_auto",
    "front": "modern_industrialization:block/machines/drill1/overlay_front",
    "front_active": "modern_industrialization:block/machines/drill1/overlay_front_active",
    "item_auto": "modern_industrialization:block/overlays/item_auto",
    "output": "modern_industrialization:block/overlays/output",
    "side": "modern_industrialization:block/machines/drill1/overlay_side",
    "side_active": "modern_industrialization:block/machines/drill1/overlay_side_active",
    "top": "modern_industrialization:block/machines/drill1/overlay_top",
    "top_active": "modern_industrialization:block/machines/drill1/overlay_top_active"
  }
}