{
  "type": "modern_industrialization:assembler",
  "duration": 400,
  "eu": 2,
  "fluid_inputs": [
    {
      "amount": 100,
      "fluid": "modern_industrialization:soldering_alloy"
    }
  ],
  "item_inputs": [
    {
      "amount": 4,
      "item": "modern_industrialization:titanium_blade"
    },
    {
      "amount": 1,
      "item": "modern_industrialization:titanium_ring"
    }
  ],
  "item_outputs": [
    {
      "amount": 1,
      "item": "modern_industrialization:titanium_rotor"
    }
  ]
}