{
  "type": "modern_industrialization:assembler",
  "duration": 100,
  "eu": 2,
  "fluid_inputs": [
    {
      "amount": 75,
      "fluid": "modern_industrialization:soldering_alloy"
    }
  ],
  "item_inputs": [
    {
      "amount": 1,
      "tag": "c:copper_plates"
    },
    {
      "amount": 2,
      "item": "modern_industrialization:copper_curved_plate"
    },
    {
      "amount": 1,
      "item": "modern_industrialization:copper_rod"
    },
    {
      "amount": 2,
      "tag": "c:copper_gears"
    }
  ],
  "item_outputs": [
    {
      "amount": 1,
      "item": "modern_industrialization:copper_drill_head"
    }
  ]
}