{
	"fastLeafDecay": true,
	"fullChopDurabilityUsage": "BREAK_MID_CHOP",
	"sneakBehavior": "DISABLE_CHOPPING",
	"requireLeavesToChop": true,
	"treeChopMode": "SINGLE_CHOP",
	"logSearchLimit": 1000,
	"stopBeforeAxeBreak": true,
	"chopInCreativeMode": false,
	"axes": [
		"minecraft:wooden_axe",
		"minecraft:stone_axe",
		"minecraft:golden_axe",
		"minecraft:iron_axe",
		"minecraft:diamond_axe",
		"minecraft:netherite_axe",
		"betternether:cincinnasite_axe",
		"betternether:cincinnasite_axe_diamond",
		"betternether:nether_ruby_axe",
		"additionaladditions:rose_gold_axe",
		"additionaladditions:gilded_netherite_axe",
		"betterend:aeternium_axe",
		"betterend:thallasium_axe",
		"betterend:terminite_axe",
		"botania:manasteel_axe",
		"botania:elementium_axe",
		"botania:terra_axe",
		"byg:pendorite_axe",
		"byg:pendorite_battleaxe",
		"conjuring:soul_alloy_hatchet",
		"deeperdarker:warden_axe",
		"geggy:flint_axe",
		"geggy:bronze_axe",
		"geggy:reinforced_flint_axe"
	],
	"variableBreakingTime": false
}