{
  "type": "create:crushing",
  "fabric:load_conditions": [
    {
      "condition": "fabric:tags_populated",
      "values": [
        "c:tungsten_ores"
      ]
    }
  ],
  "ingredients": [
    {
      "tag": "c:tungsten_ores"
    }
  ],
  "processingTime": 400,
  "results": [
    {
      "item": "modern_industrialization:raw_tungsten"
    },
    {
	  "count": 2,	
      "chance": 0.75,
      "item": "modern_industrialization:raw_tungsten"
    },
    {
      "chance": 0.45,
      "item": "create:experience_nugget"
    }
  ]
}