{
  "type": "minecraft:crafting_shaped",
  "fabric:load_conditions": [
    {
      "condition": "modern_industrialization:ae_compat_loaded"
    }
  ],
  "key": {
    "C": {
      "item": "modern_industrialization:bronze_curved_plate"
    },
    "G": {
      "tag": "ae2:glass_cable"
    },
    "d": {
      "tag": "c:light_blue_dyes"
    },
    "q": {
      "item": "ae2:quartz_fiber"
    }
  },
  "pattern": [
    "qCq",
    "GdG",
    "qCq"
  ],
  "result": {
    "count": 16,
    "item": "modern_industrialization:light_blue_me_wire"
  }
}