{
  "type": "modern_industrialization:assembler",
  "duration": 200,
  "eu": 8,
  "fabric:load_conditions": [
    {
      "condition": "modern_industrialization:ae_compat_loaded"
    }
  ],
  "item_inputs": [
    {
      "amount": 4,
      "item": "ae2:quartz_fiber"
    },
    {
      "amount": 2,
      "item": "modern_industrialization:bronze_curved_plate"
    },
    {
      "amount": 1,
      "tag": "c:lime_dyes"
    },
    {
      "amount": 2,
      "tag": "ae2:glass_cable"
    }
  ],
  "item_outputs": [
    {
      "amount": 16,
      "item": "modern_industrialization:lime_me_wire"
    }
  ]
}